Scenario,Model,threshold,net_benefit_model,net_benefit_treat_all,net_benefit_treat_none,net_benefit_gain_vs_best_default
Without Symptoms,Stepwise LR,0.02,0.12330865089398592,0.12244897959183675,0.0,0.0008596713021491731
Without Symptoms,Stepwise LR,0.03,0.11662074628227351,0.11340206185567012,0.0,0.003218684426603391
Without Symptoms,Stepwise LR,0.04,0.10880530973451327,0.10416666666666669,0.0,0.004638643067846587
Without Symptoms,Stepwise LR,0.05,0.10261760596180716,0.09473684210526317,0.0,0.007880763856543987
Without Symptoms,Stepwise LR,0.06,0.09739408774242139,0.08510638297872342,0.0,0.012287704763697976
Without Symptoms,Stepwise LR,0.07,0.09330478637358455,0.07526881720430108,0.0,0.018035969169283475
Without Symptoms,Stepwise LR,0.08,0.08840323201231243,0.06521739130434784,0.0,0.02318584070796459
Without Symptoms,Stepwise LR,0.09,0.08424195273752796,0.05494505494505496,0.0,0.029296897792473006
Without Symptoms,Stepwise LR,0.1,0.08043264503441494,0.04444444444444445,0.0,0.03598820058997049
Without Symptoms,Stepwise LR,0.11,0.0769792184548076,0.03370786516853934,0.0,0.04327135328626826
Without Symptoms,Stepwise LR,0.12,0.07354786806114241,0.02272727272727275,0.0,0.050820595333869664
Without Symptoms,Stepwise LR,0.13,0.07010477062353779,0.011494252873563232,0.0,0.058610517749974556
Without Symptoms,Stepwise LR,0.14,0.06711669067709405,0.0,0.0,0.06711669067709405
Without Symptoms,Stepwise LR,0.15,0.0651535658511192,-0.011764705882352927,0.0,0.0651535658511192
Without Symptoms,Stepwise LR,0.16,0.05978086809945216,-0.023809523809523808,0.0,0.05978086809945216
Without Symptoms,Stepwise LR,0.17,0.057385648789849655,-0.03614457831325302,0.0,0.057385648789849655
Without Symptoms,Stepwise LR,0.18,0.05278653140513706,-0.04878048780487801,0.0,0.05278653140513706
Without Symptoms,Stepwise LR,0.19,0.04971921774281657,-0.061728395061728364,0.0,0.04971921774281657
Without Symptoms,Stepwise LR,0.2,0.04685840707964602,-0.07499999999999998,0.0,0.04685840707964602
Without Symptoms,Stepwise LR,0.21,0.04342556289907024,-0.08860759493670883,0.0,0.04342556289907024
Without Symptoms,Stepwise LR,0.22,0.042337190832766054,-0.10256410256410253,0.0,0.042337190832766054
Without Symptoms,Stepwise LR,0.23,0.03979312722675554,-0.11688311688311687,0.0,0.03979312722675554
Without Symptoms,Stepwise LR,0.24,0.036516068933395436,-0.13157894736842102,0.0,0.036516068933395436
Without Symptoms,Stepwise LR,0.25,0.0343362831858407,-0.1466666666666666,0.0,0.0343362831858407
Without Symptoms,Stepwise LR,0.26,0.03346567806744797,-0.16216216216216217,0.0,0.03346567806744797
Without Symptoms,Stepwise LR,0.27,0.03247908837434841,-0.1780821917808219,0.0,0.03247908837434841
Without Symptoms,Stepwise LR,0.28,0.03208456243854474,-0.19444444444444448,0.0,0.03208456243854474
Without Symptoms,Stepwise LR,0.29,0.03203290539698367,-0.2112676056338028,0.0,0.03203290539698367
Without Symptoms,Stepwise LR,0.3,0.030847029077117574,-0.2285714285714286,0.0,0.030847029077117574
Without Symptoms,Stepwise LR,0.31,0.02940874695395665,-0.24637681159420294,0.0,0.02940874695395665
Without Symptoms,Stepwise LR,0.32,0.026881832378969284,-0.2647058823529412,0.0,0.026881832378969284
Without Symptoms,Stepwise LR,0.33,0.02535992603354906,-0.28358208955223885,0.0,0.02535992603354906
Without Symptoms,Stepwise LR,0.34,0.02499329578975596,-0.3030303030303031,0.0,0.02499329578975596
Without Symptoms,Stepwise LR,0.35,0.02415248468345814,-0.32307692307692304,0.0,0.02415248468345814
Without Symptoms,Stepwise LR,0.36,0.022676991150442482,-0.34375,0.0,0.022676991150442482
Without Symptoms,Stepwise LR,0.37,0.02202556538839725,-0.3650793650793651,0.0,0.02202556538839725
Without Symptoms,Stepwise LR,0.38,0.021101912646303168,-0.3870967741935484,0.0,0.021101912646303168
Without Symptoms,Stepwise LR,0.39,0.01966922965327143,-0.4098360655737705,0.0,0.01966922965327143
Without Symptoms,Stepwise LR,0.4,0.017994100294985247,-0.43333333333333335,0.0,0.017994100294985247
Without Symptoms,Stepwise LR,0.41,0.017822108894555273,-0.4576271186440676,0.0,0.017822108894555273
Without Symptoms,Stepwise LR,0.42,0.01578272810497406,-0.482758620689655,0.0,0.01578272810497406
Without Symptoms,Stepwise LR,0.43,0.015183977643223101,-0.5087719298245613,0.0,0.015183977643223101
Without Symptoms,Stepwise LR,0.44,0.013286978508217445,-0.5357142857142857,0.0,0.013286978508217445
Without Symptoms,Stepwise LR,0.45,0.012534191472244573,-0.5636363636363636,0.0,0.012534191472244573
Without Symptoms,Stepwise LR,0.46,0.013680760406424124,-0.5925925925925926,0.0,0.013680760406424124
Without Symptoms,Stepwise LR,0.47,0.01291033561529471,-0.6226415094339621,0.0,0.01291033561529471
Without Symptoms,Stepwise LR,0.48,0.012117086453369643,-0.6538461538461537,0.0,0.012117086453369643
Without Symptoms,Stepwise LR,0.49,0.011261495748741978,-0.6862745098039215,0.0,0.011261495748741978
Without Symptoms,Stepwise LR,0.5,0.010442477876106197,-0.72,0.0,0.010442477876106197
Without Symptoms,XGBoost,0.02,0.12279934982842695,0.12244897959183675,0.0,0.0003503702365902084
Without Symptoms,XGBoost,0.03,0.11635252258005657,0.11340206185567012,0.0,0.0029504607243864556
Without Symptoms,XGBoost,0.04,0.1084070796460177,0.10416666666666669,0.0,0.004240412979351016
Without Symptoms,XGBoost,0.05,0.10206800186306475,0.09473684210526317,0.0,0.007331159757801575
Without Symptoms,XGBoost,0.06,0.09598569007719827,0.08510638297872342,0.0,0.010879307098474858
Without Symptoms,XGBoost,0.07,0.09049766866495385,0.07526881720430108,0.0,0.015228851460652768
Without Symptoms,XGBoost,0.08,0.08673335898422471,0.06521739130434784,0.0,0.021515967679876874
Without Symptoms,XGBoost,0.09,0.0820227560050569,0.05494505494505496,0.0,0.027077701060001944
Without Symptoms,XGBoost,0.1,0.07746312684365782,0.04444444444444445,0.0,0.033018682399213364
Without Symptoms,XGBoost,0.11,0.07348513473202745,0.03370786516853934,0.0,0.03977726956348811
Without Symptoms,XGBoost,0.12,0.06978278358809331,0.02272727272727275,0.0,0.04705551086082056
Without Symptoms,XGBoost,0.13,0.06661377275963787,0.011494252873563232,0.0,0.055119519886074636
Without Symptoms,XGBoost,0.14,0.06421074295122453,0.0,0.0,0.06421074295122453
Without Symptoms,XGBoost,0.15,0.06152004164497658,-0.011764705882352927,0.0,0.06152004164497658
Without Symptoms,XGBoost,0.16,0.05876106194690266,-0.023809523809523808,0.0,0.05876106194690266
Without Symptoms,XGBoost,0.17,0.05558161850943597,-0.03614457831325302,0.0,0.05558161850943597
Without Symptoms,XGBoost,0.18,0.051292898769695665,-0.04878048780487801,0.0,0.051292898769695665
Without Symptoms,XGBoost,0.19,0.04970173713536545,-0.061728395061728364,0.0,0.04970173713536545
Without Symptoms,XGBoost,0.2,0.046814159292035404,-0.07499999999999998,0.0,0.046814159292035404
Without Symptoms,XGBoost,0.21,0.04497143497255517,-0.08860759493670883,0.0,0.04497143497255517
Without Symptoms,XGBoost,0.22,0.04137508509189926,-0.10256410256410253,0.0,0.04137508509189926
Without Symptoms,XGBoost,0.23,0.04008734628203655,-0.11688311688311687,0.0,0.04008734628203655
Without Symptoms,XGBoost,0.24,0.0376525384257103,-0.13157894736842102,0.0,0.0376525384257103
Without Symptoms,XGBoost,0.25,0.03592920353982301,-0.1466666666666666,0.0,0.03592920353982301
Without Symptoms,XGBoost,0.26,0.03252810332456349,-0.16216216216216217,0.0,0.03252810332456349
Without Symptoms,XGBoost,0.27,0.03223905927991272,-0.1780821917808219,0.0,0.03223905927991272
Without Symptoms,XGBoost,0.28,0.0291937069813176,-0.19444444444444448,0.0,0.0291937069813176
Without Symptoms,XGBoost,0.29,0.027341393493705592,-0.2112676056338028,0.0,0.027341393493705592
Without Symptoms,XGBoost,0.3,0.025815423514538555,-0.2285714285714286,0.0,0.025815423514538555
Without Symptoms,XGBoost,0.31,0.02418622547133513,-0.24637681159420294,0.0,0.02418622547133513
Without Symptoms,XGBoost,0.32,0.023706402915148358,-0.2647058823529412,0.0,0.023706402915148358
Without Symptoms,XGBoost,0.33,0.023053757759873193,-0.28358208955223885,0.0,0.023053757759873193
Without Symptoms,XGBoost,0.34,0.022333065164923564,-0.3030303030303031,0.0,0.022333065164923564
Without Symptoms,XGBoost,0.35,0.019714091218515997,-0.32307692307692304,0.0,0.019714091218515997
Without Symptoms,XGBoost,0.36,0.01841814159292035,-0.34375,0.0,0.01841814159292035
Without Symptoms,XGBoost,0.37,0.019567354965585048,-0.3650793650793651,0.0,0.019567354965585048
Without Symptoms,XGBoost,0.38,0.019040822152440767,-0.3870967741935484,0.0,0.019040822152440767
Without Symptoms,XGBoost,0.39,0.01818076309299289,-0.4098360655737705,0.0,0.01818076309299289
Without Symptoms,XGBoost,0.4,0.01669616519174041,-0.43333333333333335,0.0,0.01669616519174041
Without Symptoms,XGBoost,0.41,0.015443227838608072,-0.4576271186440676,0.0,0.015443227838608072
Without Symptoms,XGBoost,0.42,0.014763503204150139,-0.482758620689655,0.0,0.014763503204150139
Without Symptoms,XGBoost,0.43,0.013510324483775815,-0.5087719298245613,0.0,0.013510324483775815
Without Symptoms,XGBoost,0.44,0.014437420986093553,-0.5357142857142857,0.0,0.014437420986093553
Without Symptoms,XGBoost,0.45,0.013547868061142398,-0.5636363636363636,0.0,0.013547868061142398
Without Symptoms,XGBoost,0.46,0.012671255326122583,-0.5925925925925926,0.0,0.012671255326122583
Without Symptoms,XGBoost,0.47,0.012623142427784274,-0.6226415094339621,0.0,0.012623142427784274
Without Symptoms,XGBoost,0.48,0.011817562968005447,-0.6538461538461537,0.0,0.011817562968005447
Without Symptoms,XGBoost,0.49,0.011351726531320496,-0.6862745098039215,0.0,0.011351726531320496
Without Symptoms,XGBoost,0.5,0.011327433628318583,-0.72,0.0,0.011327433628318583
Without Symptoms,Random Forest,0.02,0.12339895250135453,0.12244897959183675,0.0,0.0009499729095177878
Without Symptoms,Random Forest,0.03,0.11622479700757231,0.11340206185567012,0.0,0.002822735151902192
Without Symptoms,Random Forest,0.04,0.10939528023598818,0.10416666666666669,0.0,0.0052286135693215
Without Symptoms,Random Forest,0.05,0.10108057755006986,0.09473684210526317,0.0,0.006343735444806681
Without Symptoms,Random Forest,0.06,0.09540576162681227,0.08510638297872342,0.0,0.010299378648088858
Without Symptoms,Random Forest,0.07,0.09018936149966694,0.07526881720430108,0.0,0.014920544295365865
Without Symptoms,Random Forest,0.08,0.0853020392458638,0.06521739130434784,0.0,0.02008464794151596
Without Symptoms,Random Forest,0.09,0.0820480404551201,0.05494505494505496,0.0,0.02710298551006514
Without Symptoms,Random Forest,0.1,0.07891838741396263,0.04444444444444445,0.0,0.03447394296951818
Without Symptoms,Random Forest,0.11,0.07373968380232673,0.03370786516853934,0.0,0.040031818633787394
Without Symptoms,Random Forest,0.12,0.06976669348350764,0.02272727272727275,0.0,0.04703942075623489
Without Symptoms,Random Forest,0.13,0.06529142508391822,0.011494252873563232,0.0,0.05379717221035499
Without Symptoms,Random Forest,0.14,0.06256431364478286,0.0,0.0,0.06256431364478286
Without Symptoms,Random Forest,0.15,0.05870900572618428,-0.011764705882352927,0.0,0.05870900572618428
Without Symptoms,Random Forest,0.16,0.05682258744205646,-0.023809523809523808,0.0,0.05682258744205646
Without Symptoms,Random Forest,0.17,0.052474677470945724,-0.03614457831325302,0.0,0.052474677470945724
Without Symptoms,Random Forest,0.18,0.049708612130369104,-0.04878048780487801,0.0,0.049708612130369104
Without Symptoms,Random Forest,0.19,0.046078881241123124,-0.061728395061728364,0.0,0.046078881241123124
Without Symptoms,Random Forest,0.2,0.0452212389380531,-0.07499999999999998,0.0,0.0452212389380531
Without Symptoms,Random Forest,0.21,0.042726559874537925,-0.08860759493670883,0.0,0.042726559874537925
Without Symptoms,Random Forest,0.22,0.03980939414567733,-0.10256410256410253,0.0,0.03980939414567733
Without Symptoms,Random Forest,0.23,0.037283070911389486,-0.11688311688311687,0.0,0.037283070911389486
Without Symptoms,Random Forest,0.24,0.03612482533768048,-0.13157894736842102,0.0,0.03612482533768048
Without Symptoms,Random Forest,0.25,0.0352802359882006,-0.1466666666666666,0.0,0.0352802359882006
Without Symptoms,Random Forest,0.26,0.03291078689308777,-0.16216216216216217,0.0,0.03291078689308777
Without Symptoms,Random Forest,0.27,0.030488544065947386,-0.1780821917808219,0.0,0.030488544065947386
Without Symptoms,Random Forest,0.28,0.029793510324483775,-0.19444444444444448,0.0,0.029793510324483775
Without Symptoms,Random Forest,0.29,0.02689766920104699,-0.2112676056338028,0.0,0.02689766920104699
Without Symptoms,Random Forest,0.3,0.025537294563843235,-0.2285714285714286,0.0,0.025537294563843235
Without Symptoms,Random Forest,0.31,0.02278568680261639,-0.24637681159420294,0.0,0.02278568680261639
Without Symptoms,Random Forest,0.32,0.021811556480999472,-0.2647058823529412,0.0,0.021811556480999472
Without Symptoms,Random Forest,0.33,0.021238938053097345,-0.28358208955223885,0.0,0.021238938053097345
Without Symptoms,Random Forest,0.34,0.02003218020917135,-0.3030303030303031,0.0,0.02003218020917135
Without Symptoms,Random Forest,0.35,0.018774676650782845,-0.32307692307692304,0.0,0.018774676650782845
Without Symptoms,Random Forest,0.36,0.017787610619469027,-0.34375,0.0,0.017787610619469027
Without Symptoms,Random Forest,0.37,0.018957718780727627,-0.3650793650793651,0.0,0.018957718780727627
Without Symptoms,Random Forest,0.38,0.01795032829003711,-0.3870967741935484,0.0,0.01795032829003711
Without Symptoms,Random Forest,0.39,0.01755404033077035,-0.4098360655737705,0.0,0.01755404033077035
Without Symptoms,Random Forest,0.4,0.01646017699115044,-0.43333333333333335,0.0,0.01646017699115044
Without Symptoms,Random Forest,0.41,0.013937303134843261,-0.4576271186440676,0.0,0.013937303134843261
Without Symptoms,Random Forest,0.42,0.013079035703387247,-0.482758620689655,0.0,0.013079035703387247
Without Symptoms,Random Forest,0.43,0.013507219375873316,-0.5087719298245613,0.0,0.013507219375873316
Without Symptoms,Random Forest,0.44,0.01299620733249052,-0.5357142857142857,0.0,0.01299620733249052
Without Symptoms,Random Forest,0.45,0.011456154465004025,-0.5636363636363636,0.0,0.011456154465004025
Without Symptoms,Random Forest,0.46,0.011170108161258603,-0.5925925925925926,0.0,0.011170108161258603
Without Symptoms,Random Forest,0.47,0.010702955418266822,-0.6226415094339621,0.0,0.010702955418266822
Without Symptoms,Random Forest,0.48,0.009965963240299525,-0.6538461538461537,0.0,0.009965963240299525
Without Symptoms,Random Forest,0.49,0.00903348950199549,-0.6862745098039215,0.0,0.00903348950199549
Without Symptoms,Random Forest,0.5,0.008672566371681418,-0.72,0.0,0.008672566371681418
Without Symptoms,Neural Network,0.02,0.11920173379086148,0.12244897959183675,0.0,-0.003247245800975268
Without Symptoms,Neural Network,0.03,0.11169053918438097,0.11340206185567012,0.0,-0.0017115226712891424
Without Symptoms,Neural Network,0.04,0.10444690265486725,0.10416666666666669,0.0,0.0002802359882005667
Without Symptoms,Neural Network,0.05,0.09808104331625522,0.09473684210526317,0.0,0.0033442012109920483
Without Symptoms,Neural Network,0.06,0.09156467708529467,0.08510638297872342,0.0,0.006458294106571255
Without Symptoms,Neural Network,0.07,0.08686649538490815,0.07526881720430108,0.0,0.011597678180607071
Without Symptoms,Neural Network,0.08,0.0815544440169296,0.06521739130434784,0.0,0.016337052712581762
Without Symptoms,Neural Network,0.09,0.07647379169503063,0.05494505494505496,0.0,0.02152873674997567
Without Symptoms,Neural Network,0.1,0.07142576204523107,0.04444444444444445,0.0,0.02698131760078662
Without Symptoms,Neural Network,0.11,0.06771403002883564,0.03370786516853934,0.0,0.0340061648602963
Without Symptoms,Neural Network,0.12,0.06292035398230089,0.02272727272727275,0.0,0.04019308125502814
Without Symptoms,Neural Network,0.13,0.05731258264672972,0.011494252873563232,0.0,0.04581832977316649
Without Symptoms,Neural Network,0.14,0.05263634492693969,0.0,0.0,0.05263634492693969
Without Symptoms,Neural Network,0.15,0.04880791254554919,-0.011764705882352927,0.0,0.04880791254554919
Without Symptoms,Neural Network,0.16,0.045983986514959954,-0.023809523809523808,0.0,0.045983986514959954
Without Symptoms,Neural Network,0.17,0.045164729715321456,-0.03614457831325302,0.0,0.045164729715321456
Without Symptoms,Neural Network,0.18,0.04484351392186489,-0.04878048780487801,0.0,0.04484351392186489
Without Symptoms,Neural Network,0.19,0.044295859281110024,-0.061728395061728364,0.0,0.044295859281110024
Without Symptoms,Neural Network,0.2,0.0408849557522124,-0.07499999999999998,0.0,0.0408849557522124
Without Symptoms,Neural Network,0.21,0.03980732608939174,-0.08860759493670883,0.0,0.03980732608939174
Without Symptoms,Neural Network,0.22,0.03787156796006353,-0.10256410256410253,0.0,0.03787156796006353
Without Symptoms,Neural Network,0.23,0.036251005631536604,-0.11688311688311687,0.0,0.036251005631536604
Without Symptoms,Neural Network,0.24,0.034885887284583146,-0.13157894736842102,0.0,0.034885887284583146
Without Symptoms,Neural Network,0.25,0.03345132743362832,-0.1466666666666666,0.0,0.03345132743362832
Without Symptoms,Neural Network,0.26,0.03174360200908874,-0.16216216216216217,0.0,0.03174360200908874
Without Symptoms,Neural Network,0.27,0.030418232513031884,-0.1780821917808219,0.0,0.030418232513031884
Without Symptoms,Neural Network,0.28,0.027679449360865277,-0.19444444444444448,0.0,0.027679449360865277
Without Symptoms,Neural Network,0.29,0.02376667082138851,-0.2112676056338028,0.0,0.02376667082138851
Without Symptoms,Neural Network,0.3,0.022402022756005058,-0.2285714285714286,0.0,0.022402022756005058
Without Symptoms,Neural Network,0.31,0.021213287161728864,-0.24637681159420294,0.0,0.021213287161728864
Without Symptoms,Neural Network,0.32,0.020301926080166573,-0.2647058823529412,0.0,0.020301926080166573
Without Symptoms,Neural Network,0.33,0.01888521991810857,-0.28358208955223885,0.0,0.01888521991810857
Without Symptoms,Neural Network,0.34,0.018321265754894067,-0.3030303030303031,0.0,0.018321265754894067
Without Symptoms,Neural Network,0.35,0.018339006126616757,-0.32307692307692304,0.0,0.018339006126616757
Without Symptoms,Neural Network,0.36,0.01710176991150443,-0.34375,0.0,0.01710176991150443
Without Symptoms,Neural Network,0.37,0.016544458491361137,-0.3650793650793651,0.0,0.016544458491361137
Without Symptoms,Neural Network,0.38,0.014753068798172994,-0.3870967741935484,0.0,0.014753068798172994
Without Symptoms,Neural Network,0.39,0.01310024662701291,-0.4098360655737705,0.0,0.01310024662701291
Without Symptoms,Neural Network,0.4,0.011976401179940997,-0.43333333333333335,0.0,0.011976401179940997
Without Symptoms,Neural Network,0.41,0.012335383230838465,-0.4576271186440676,0.0,0.012335383230838465
Without Symptoms,Neural Network,0.42,0.011736344217271898,-0.482758620689655,0.0,0.011736344217271898
Without Symptoms,Neural Network,0.43,0.012417326502095948,-0.5087719298245613,0.0,0.012417326502095948
Without Symptoms,Neural Network,0.44,0.012389380530973455,-0.5357142857142857,0.0,0.012389380530973455
Without Symptoms,Neural Network,0.45,0.011745776347546259,-0.5636363636363636,0.0,0.011745776347546259
Without Symptoms,Neural Network,0.46,0.011687971156997701,-0.5925925925925926,0.0,0.011687971156997701
Without Symptoms,Neural Network,0.47,0.011120387376857579,-0.6226415094339621,0.0,0.011120387376857579
Without Symptoms,Neural Network,0.48,0.010796460176991152,-0.6538461538461537,0.0,0.010796460176991152
Without Symptoms,Neural Network,0.49,0.010817282665278503,-0.6862745098039215,0.0,0.010817282665278503
Without Symptoms,Neural Network,0.5,0.009911504424778759,-0.72,0.0,0.009911504424778759
With Symptoms,Stepwise LR,0.02,0.123575943651797,0.12244897959183675,0.0,0.0011269640599602532
With Symptoms,Stepwise LR,0.03,0.11709333090046528,0.11340206185567012,0.0,0.0036912690447951646
With Symptoms,Stepwise LR,0.04,0.11120206489675516,0.10416666666666669,0.0,0.007035398230088474
With Symptoms,Stepwise LR,0.05,0.1047321844434094,0.09473684210526317,0.0,0.009995342338146224
With Symptoms,Stepwise LR,0.06,0.09934852193560535,0.08510638297872342,0.0,0.014242138956881936
With Symptoms,Stepwise LR,0.07,0.09423161100009515,0.07526881720430108,0.0,0.018962793795794075
With Symptoms,Stepwise LR,0.08,0.08996537129665255,0.06521739130434784,0.0,0.024747979992304714
With Symptoms,Stepwise LR,0.09,0.08410191578333172,0.05494505494505496,0.0,0.02915686083827676
With Symptoms,Stepwise LR,0.1,0.07972468043264502,0.04444444444444445,0.0,0.03528023598820057
With Symptoms,Stepwise LR,0.11,0.07682609127970566,0.03370786516853934,0.0,0.04311822611116632
With Symptoms,Stepwise LR,0.12,0.07414320193081256,0.02272727272727275,0.0,0.05141592920353981
With Symptoms,Stepwise LR,0.13,0.07062760655070695,0.011494252873563232,0.0,0.059133353677143716
With Symptoms,Stepwise LR,0.14,0.0676600123482198,0.0,0.0,0.0676600123482198
With Symptoms,Stepwise LR,0.15,0.06274856845393025,-0.011764705882352927,0.0,0.06274856845393025
With Symptoms,Stepwise LR,0.16,0.06056468605141171,-0.023809523809523808,0.0,0.06056468605141171
With Symptoms,Stepwise LR,0.17,0.0581639833670967,-0.03614457831325302,0.0,0.0581639833670967
With Symptoms,Stepwise LR,0.18,0.055501834664364355,-0.04878048780487801,0.0,0.055501834664364355
With Symptoms,Stepwise LR,0.19,0.05358461706544303,-0.061728395061728364,0.0,0.05358461706544303
With Symptoms,Stepwise LR,0.2,0.05207964601769911,-0.07499999999999998,0.0,0.05207964601769911
With Symptoms,Stepwise LR,0.21,0.0502856502744483,-0.08860759493670883,0.0,0.0502856502744483
With Symptoms,Stepwise LR,0.22,0.04855457227138644,-0.10256410256410253,0.0,0.04855457227138644
With Symptoms,Stepwise LR,0.23,0.04668428916216527,-0.11688311688311687,0.0,0.04668428916216527
With Symptoms,Stepwise LR,0.24,0.043660922217047045,-0.13157894736842102,0.0,0.043660922217047045
With Symptoms,Stepwise LR,0.25,0.04117994100294986,-0.1466666666666666,0.0,0.04117994100294986
With Symptoms,Stepwise LR,0.26,0.039478593637885674,-0.16216216216216217,0.0,0.039478593637885674
With Symptoms,Stepwise LR,0.27,0.037044490241241367,-0.1780821917808219,0.0,0.037044490241241367
With Symptoms,Stepwise LR,0.28,0.03622418879056047,-0.19444444444444448,0.0,0.03622418879056047
With Symptoms,Stepwise LR,0.29,0.034171756200922346,-0.2112676056338028,0.0,0.034171756200922346
With Symptoms,Stepwise LR,0.3,0.03233881163084702,-0.2285714285714286,0.0,0.03233881163084702
With Symptoms,Stepwise LR,0.31,0.03170963190970886,-0.24637681159420294,0.0,0.03170963190970886
With Symptoms,Stepwise LR,0.32,0.030244664237376363,-0.2647058823529412,0.0,0.030244664237376363
With Symptoms,Stepwise LR,0.33,0.029539030511161003,-0.28358208955223885,0.0,0.029539030511161003
With Symptoms,Stepwise LR,0.34,0.027224456958970234,-0.3030303030303031,0.0,0.027224456958970234
With Symptoms,Stepwise LR,0.35,0.026875425459496262,-0.32307692307692304,0.0,0.026875425459496262
With Symptoms,Stepwise LR,0.36,0.026371681415929205,-0.34375,0.0,0.026371681415929205
With Symptoms,Stepwise LR,0.37,0.024582104228121928,-0.3650793650793651,0.0,0.024582104228121928
With Symptoms,Stepwise LR,0.38,0.02531544390522409,-0.3870967741935484,0.0,0.02531544390522409
With Symptoms,Stepwise LR,0.39,0.024839692441607428,-0.4098360655737705,0.0,0.024839692441607428
With Symptoms,Stepwise LR,0.4,0.024247787610619465,-0.43333333333333335,0.0,0.024247787610619465
With Symptoms,Stepwise LR,0.41,0.02357282135893206,-0.4576271186440676,0.0,0.02357282135893206
With Symptoms,Stepwise LR,0.42,0.022129996948428442,-0.482758620689655,0.0,0.022129996948428442
With Symptoms,Stepwise LR,0.43,0.021726439993789787,-0.5087719298245613,0.0,0.021726439993789787
With Symptoms,Stepwise LR,0.44,0.021946902654867255,-0.5357142857142857,0.0,0.021946902654867255
With Symptoms,Stepwise LR,0.45,0.021351568785197107,-0.5636363636363636,0.0,0.021351568785197107
With Symptoms,Stepwise LR,0.46,0.01957391019337922,-0.5925925925925926,0.0,0.01957391019337922
With Symptoms,Stepwise LR,0.47,0.01941893471364168,-0.6226415094339621,0.0,0.01941893471364168
With Symptoms,Stepwise LR,0.48,0.01880190605854323,-0.6538461538461537,0.0,0.01880190605854323
With Symptoms,Stepwise LR,0.49,0.017109144542772865,-0.6862745098039215,0.0,0.017109144542772865
With Symptoms,Stepwise LR,0.5,0.016991150442477877,-0.72,0.0,0.016991150442477877
With Symptoms,XGBoost,0.02,0.12302690987899585,0.12244897959183675,0.0,0.0005779302871591063
With Symptoms,XGBoost,0.03,0.11668643371955113,0.11340206185567012,0.0,0.0032843718638810165
With Symptoms,XGBoost,0.04,0.11043510324483777,0.10416666666666669,0.0,0.006268436578171083
With Symptoms,XGBoost,0.05,0.10378202142524454,0.09473684210526317,0.0,0.009045179319981361
With Symptoms,XGBoost,0.06,0.09861796271888532,0.08510638297872342,0.0,0.0135115797401619
With Symptoms,XGBoost,0.07,0.09376724712151488,0.07526881720430108,0.0,0.0184984299172138
With Symptoms,XGBoost,0.08,0.0886494805694498,0.06521739130434784,0.0,0.023432089265101957
With Symptoms,XGBoost,0.09,0.082847418068657,0.05494505494505496,0.0,0.027902363123602045
With Symptoms,XGBoost,0.1,0.07828908554572273,0.04444444444444445,0.0,0.03384464110127827
With Symptoms,XGBoost,0.11,0.07589141891220046,0.03370786516853934,0.0,0.04218355374366112
With Symptoms,XGBoost,0.12,0.07335478680611425,0.02272727272727275,0.0,0.0506275140788415
With Symptoms,XGBoost,0.13,0.06953717831349811,0.011494252873563232,0.0,0.058042925439934875
With Symptoms,XGBoost,0.14,0.06610825272689852,0.0,0.0,0.06610825272689852
With Symptoms,XGBoost,0.15,0.06255075481520041,-0.011764705882352927,0.0,0.06255075481520041
With Symptoms,XGBoost,0.16,0.05975558364938895,-0.023809523809523808,0.0,0.05975558364938895
With Symptoms,XGBoost,0.17,0.058114937626612635,-0.03614457831325302,0.0,0.058114937626612635
With Symptoms,XGBoost,0.18,0.054901791495791066,-0.04878048780487801,0.0,0.054901791495791066
With Symptoms,XGBoost,0.19,0.0504031465093412,-0.061728395061728364,0.0,0.0504031465093412
With Symptoms,XGBoost,0.2,0.04853982300884955,-0.07499999999999998,0.0,0.04853982300884955
With Symptoms,XGBoost,0.21,0.047066203651842727,-0.08860759493670883,0.0,0.047066203651842727
With Symptoms,XGBoost,0.22,0.04610846380757886,-0.10256410256410253,0.0,0.04610846380757886
With Symptoms,XGBoost,0.23,0.04433053671991725,-0.11688311688311687,0.0,0.04433053671991725
With Symptoms,XGBoost,0.24,0.04275733581741967,-0.13157894736842102,0.0,0.04275733581741967
With Symptoms,XGBoost,0.25,0.04106194690265487,-0.1466666666666666,0.0,0.04106194690265487
With Symptoms,XGBoost,0.26,0.038799330303755084,-0.16216216216216217,0.0,0.038799330303755084
With Symptoms,XGBoost,0.27,0.036637168141592916,-0.1780821917808219,0.0,0.036637168141592916
With Symptoms,XGBoost,0.28,0.03574237954768928,-0.19444444444444448,0.0,0.03574237954768928
With Symptoms,XGBoost,0.29,0.034219120029914,-0.2112676056338028,0.0,0.034219120029914
With Symptoms,XGBoost,0.3,0.032288242730720604,-0.2285714285714286,0.0,0.032288242730720604
With Symptoms,XGBoost,0.31,0.030609208670001282,-0.24637681159420294,0.0,0.030609208670001282
With Symptoms,XGBoost,0.32,0.030702758979698073,-0.2647058823529412,0.0,0.030702758979698073
With Symptoms,XGBoost,0.33,0.03010698718795403,-0.28358208955223885,0.0,0.03010698718795403
With Symptoms,XGBoost,0.34,0.029659426119603108,-0.3030303030303031,0.0,0.029659426119603108
With Symptoms,XGBoost,0.35,0.028155207624234176,-0.32307692307692304,0.0,0.028155207624234176
With Symptoms,XGBoost,0.36,0.026758849557522123,-0.34375,0.0,0.026758849557522123
With Symptoms,XGBoost,0.37,0.026135693215339234,-0.3650793650793651,0.0,0.026135693215339234
With Symptoms,XGBoost,0.38,0.025383956608621184,-0.3870967741935484,0.0,0.025383956608621184
With Symptoms,XGBoost,0.39,0.02443928623240969,-0.4098360655737705,0.0,0.02443928623240969
With Symptoms,XGBoost,0.4,0.021710914454277287,-0.43333333333333335,0.0,0.021710914454277287
With Symptoms,XGBoost,0.41,0.020737963101844913,-0.4576271186440676,0.0,0.020737963101844913
With Symptoms,XGBoost,0.42,0.01809581934696369,-0.482758620689655,0.0,0.01809581934696369
With Symptoms,XGBoost,0.43,0.01664648346530042,-0.5087719298245613,0.0,0.01664648346530042
With Symptoms,XGBoost,0.44,0.016118836915297093,-0.5357142857142857,0.0,0.016118836915297093
With Symptoms,XGBoost,0.45,0.016492357200321807,-0.5636363636363636,0.0,0.016492357200321807
With Symptoms,XGBoost,0.46,0.01594231399541134,-0.5925925925925926,0.0,0.01594231399541134
With Symptoms,XGBoost,0.47,0.016049423943897148,-0.6226415094339621,0.0,0.016049423943897148
With Symptoms,XGBoost,0.48,0.014200136147038803,-0.6538461538461537,0.0,0.014200136147038803
With Symptoms,XGBoost,0.49,0.01412458788825265,-0.6862745098039215,0.0,0.01412458788825265
With Symptoms,XGBoost,0.5,0.01345132743362832,-0.72,0.0,0.01345132743362832
With Symptoms,Random Forest,0.02,0.12368430558063934,0.12244897959183675,0.0,0.0012353259888025908
With Symptoms,Random Forest,0.03,0.1166389927926284,0.11340206185567012,0.0,0.0032369309369582877
With Symptoms,Random Forest,0.04,0.11103244837758111,0.10416666666666669,0.0,0.006865781710914426
With Symptoms,Random Forest,0.05,0.10524452724732185,0.09473684210526317,0.0,0.010507685142058673
With Symptoms,Random Forest,0.06,0.0990321973263039,0.08510638297872342,0.0,0.013925814347580487
With Symptoms,Random Forest,0.07,0.09368160624226851,0.07526881720430108,0.0,0.018412789037967434
With Symptoms,Random Forest,0.08,0.08798768757214315,0.06521739130434784,0.0,0.02277029626779531
With Symptoms,Random Forest,0.09,0.08236312360206166,0.05494505494505496,0.0,0.027418068657006703
With Symptoms,Random Forest,0.1,0.07868239921337267,0.04444444444444445,0.0,0.034237954768928214
With Symptoms,Random Forest,0.11,0.0755672665804912,0.03370786516853934,0.0,0.041859401411951866
With Symptoms,Random Forest,0.12,0.07118262268704748,0.02272727272727275,0.0,0.04845534995977473
With Symptoms,Random Forest,0.13,0.06709592106601567,0.011494252873563232,0.0,0.055601668192452436
With Symptoms,Random Forest,0.14,0.0638896892364684,0.0,0.0,0.0638896892364684
With Symptoms,Random Forest,0.15,0.06162415408641333,-0.011764705882352927,0.0,0.06162415408641333
With Symptoms,Random Forest,0.16,0.0590307627475769,-0.023809523809523808,0.0,0.0590307627475769
With Symptoms,Random Forest,0.17,0.055679709990404086,-0.03614457831325302,0.0,0.055679709990404086
With Symptoms,Random Forest,0.18,0.0540643211741852,-0.04878048780487801,0.0,0.0540643211741852
With Symptoms,Random Forest,0.19,0.052535780618376486,-0.061728395061728364,0.0,0.052535780618376486
With Symptoms,Random Forest,0.2,0.049513274336283185,-0.07499999999999998,0.0,0.049513274336283185
With Symptoms,Random Forest,0.21,0.04694298196482582,-0.08860759493670883,0.0,0.04694298196482582
With Symptoms,Random Forest,0.22,0.046262763784887674,-0.10256410256410253,0.0,0.046262763784887674
With Symptoms,Random Forest,0.23,0.04508447304907483,-0.11688311688311687,0.0,0.04508447304907483
With Symptoms,Random Forest,0.24,0.04271075919888216,-0.13157894736842102,0.0,0.04271075919888216
With Symptoms,Random Forest,0.25,0.03982300884955753,-0.1466666666666666,0.0,0.03982300884955753
With Symptoms,Random Forest,0.26,0.039071992346328625,-0.16216216216216217,0.0,0.039071992346328625
With Symptoms,Random Forest,0.27,0.03670020608558612,-0.1780821917808219,0.0,0.03670020608558612
With Symptoms,Random Forest,0.28,0.035427728613569326,-0.19444444444444448,0.0,0.035427728613569326
With Symptoms,Random Forest,0.29,0.03397232955253646,-0.2112676056338028,0.0,0.03397232955253646
With Symptoms,Random Forest,0.3,0.03180783817951959,-0.2285714285714286,0.0,0.03180783817951959
With Symptoms,Random Forest,0.31,0.029593433371809665,-0.24637681159420294,0.0,0.029593433371809665
With Symptoms,Random Forest,0.32,0.0278813118167621,-0.2647058823529412,0.0,0.0278813118167621
With Symptoms,Random Forest,0.33,0.025970149253731336,-0.28358208955223885,0.0,0.025970149253731336
With Symptoms,Random Forest,0.34,0.025449182086350226,-0.3030303030303031,0.0,0.025449182086350226
With Symptoms,Random Forest,0.35,0.02428863172226004,-0.32307692307692304,0.0,0.02428863172226004
With Symptoms,Random Forest,0.36,0.02279867256637168,-0.34375,0.0,0.02279867256637168
With Symptoms,Random Forest,0.37,0.02018260991712319,-0.3650793650793651,0.0,0.02018260991712319
With Symptoms,Random Forest,0.38,0.02023979446188981,-0.3870967741935484,0.0,0.02023979446188981
With Symptoms,Random Forest,0.39,0.018598578267807916,-0.4098360655737705,0.0,0.018598578267807916
With Symptoms,Random Forest,0.4,0.016165191740412973,-0.43333333333333335,0.0,0.016165191740412973
With Symptoms,Random Forest,0.41,0.015488225588720563,-0.4576271186440676,0.0,0.015488225588720563
With Symptoms,Random Forest,0.42,0.013469636862984437,-0.482758620689655,0.0,0.013469636862984437
With Symptoms,Random Forest,0.43,0.012817885421518401,-0.5087719298245613,0.0,0.012817885421518401
With Symptoms,Random Forest,0.44,0.012414664981036664,-0.5357142857142857,0.0,0.012414664981036664
With Symptoms,Random Forest,0.45,0.012646822204344332,-0.5636363636363636,0.0,0.012646822204344332
With Symptoms,Random Forest,0.46,0.01207472959685349,-0.5925925925925926,0.0,0.01207472959685349
With Symptoms,Random Forest,0.47,0.01234262815161129,-0.6226415094339621,0.0,0.01234262815161129
With Symptoms,Random Forest,0.48,0.010796460176991152,-0.6538461538461537,0.0,0.010796460176991152
With Symptoms,Random Forest,0.49,0.009845566545202153,-0.6862745098039215,0.0,0.009845566545202153
With Symptoms,Random Forest,0.5,0.010442477876106195,-0.72,0.0,0.010442477876106195
With Symptoms,Neural Network,0.02,0.12297995304316418,0.12244897959183675,0.0,0.0005309734513274378
With Symptoms,Neural Network,0.03,0.11498038500136849,0.11340206185567012,0.0,0.0015783231456983765
With Symptoms,Neural Network,0.04,0.10797935103244838,0.10416666666666669,0.0,0.0038126843657816933
With Symptoms,Neural Network,0.05,0.10115510013972986,0.09473684210526317,0.0,0.0064182580344666895
With Symptoms,Neural Network,0.06,0.09632460930144982,0.08510638297872342,0.0,0.011218226322726399
With Symptoms,Neural Network,0.07,0.09021981159006566,0.07526881720430108,0.0,0.014950994385764582
With Symptoms,Neural Network,0.08,0.08578684109272797,0.06521739130434784,0.0,0.02056944978838013
With Symptoms,Neural Network,0.09,0.08072546922104444,0.05494505494505496,0.0,0.025780414275989483
With Symptoms,Neural Network,0.1,0.07498525073746312,0.04444444444444445,0.0,0.03054080629301867
With Symptoms,Neural Network,0.11,0.071359252262106,0.03370786516853934,0.0,0.03765138709356666
With Symptoms,Neural Network,0.12,0.06889782783588094,0.02272727272727275,0.0,0.046170555108608194
With Symptoms,Neural Network,0.13,0.06577153900925642,0.011494252873563232,0.0,0.05427728613569319
With Symptoms,Neural Network,0.14,0.06344926939699526,0.0,0.0,0.06344926939699526
With Symptoms,Neural Network,0.15,0.06102030192608017,-0.011764705882352927,0.0,0.06102030192608017
With Symptoms,Neural Network,0.16,0.05857564264643911,-0.023809523809523808,0.0,0.05857564264643911
With Symptoms,Neural Network,0.17,0.05818957244908838,-0.03614457831325302,0.0,0.05818957244908838
With Symptoms,Neural Network,0.18,0.05642564213252752,-0.04878048780487801,0.0,0.05642564213252752
With Symptoms,Neural Network,0.19,0.05326559597946029,-0.061728395061728364,0.0,0.05326559597946029
With Symptoms,Neural Network,0.2,0.05079646017699115,-0.07499999999999998,0.0,0.05079646017699115
With Symptoms,Neural Network,0.21,0.048367872745603224,-0.08860759493670883,0.0,0.048367872745603224
With Symptoms,Neural Network,0.22,0.04689357839800318,-0.10256410256410253,0.0,0.04689357839800318
With Symptoms,Neural Network,0.23,0.0450867716354442,-0.11688311688311687,0.0,0.0450867716354442
With Symptoms,Neural Network,0.24,0.04119236143455984,-0.13157894736842102,0.0,0.04119236143455984
With Symptoms,Neural Network,0.25,0.040235988200589975,-0.1466666666666666,0.0,0.040235988200589975
With Symptoms,Neural Network,0.26,0.0386127720640995,-0.16216216216216217,0.0,0.0386127720640995
With Symptoms,Neural Network,0.27,0.03739119893320402,-0.1780821917808219,0.0,0.03739119893320402
With Symptoms,Neural Network,0.28,0.036922320550639126,-0.19444444444444448,0.0,0.036922320550639126
With Symptoms,Neural Network,0.29,0.03552287174373675,-0.2112676056338028,0.0,0.03552287174373675
With Symptoms,Neural Network,0.3,0.03481668773704172,-0.2285714285714286,0.0,0.03481668773704172
With Symptoms,Neural Network,0.31,0.0340336026676927,-0.24637681159420294,0.0,0.0340336026676927
With Symptoms,Neural Network,0.32,0.03309734513274336,-0.2647058823529412,0.0,0.03309734513274336
With Symptoms,Neural Network,0.33,0.03046625280676264,-0.28358208955223885,0.0,0.03046625280676264
With Symptoms,Neural Network,0.34,0.029010458567980686,-0.3030303030303031,0.0,0.029010458567980686
With Symptoms,Neural Network,0.35,0.0284002722940776,-0.32307692307692304,0.0,0.0284002722940776
With Symptoms,Neural Network,0.36,0.026526548672566375,-0.34375,0.0,0.026526548672566375
With Symptoms,Neural Network,0.37,0.025326590813316473,-0.3650793650793651,0.0,0.025326590813316473
With Symptoms,Neural Network,0.38,0.02552669140736511,-0.3870967741935484,0.0,0.02552669140736511
With Symptoms,Neural Network,0.39,0.024009865080516467,-0.4098360655737705,0.0,0.024009865080516467
With Symptoms,Neural Network,0.4,0.02342182890855457,-0.43333333333333335,0.0,0.02342182890855457
With Symptoms,Neural Network,0.41,0.021670916454177302,-0.4576271186440676,0.0,0.021670916454177302
With Symptoms,Neural Network,0.42,0.020176991150442483,-0.482758620689655,0.0,0.020176991150442483
With Symptoms,Neural Network,0.43,0.018276665114112717,-0.5087719298245613,0.0,0.018276665114112717
With Symptoms,Neural Network,0.44,0.01739570164348925,-0.5357142857142857,0.0,0.01739570164348925
With Symptoms,Neural Network,0.45,0.016122284794851168,-0.5636363636363636,0.0,0.016122284794851168
With Symptoms,Neural Network,0.46,0.014696820714519828,-0.5925925925925926,0.0,0.014696820714519828
With Symptoms,Neural Network,0.47,0.014974119218567374,-0.6226415094339621,0.0,0.014974119218567374
With Symptoms,Neural Network,0.48,0.01357385976855004,-0.6538461538461537,0.0,0.01357385976855004
With Symptoms,Neural Network,0.49,0.013201457574180116,-0.6862745098039215,0.0,0.013201457574180116
With Symptoms,Neural Network,0.5,0.012035398230088496,-0.72,0.0,0.012035398230088496
Virtual Maximum,XGBoost,0.02,0.12390464150261876,0.12244897959183675,0.0,0.0014556619107820162
Virtual Maximum,XGBoost,0.03,0.1176808685338929,0.11340206185567012,0.0,0.00427880667822278
Virtual Maximum,XGBoost,0.04,0.11194690265486726,0.10416666666666669,0.0,0.007780235988200573
Virtual Maximum,XGBoost,0.05,0.10571029343269678,0.09473684210526317,0.0,0.010973451327433603
Virtual Maximum,XGBoost,0.06,0.09917153078516289,0.08510638297872342,0.0,0.01406514780643947
Virtual Maximum,XGBoost,0.07,0.09358264344847274,0.07526881720430108,0.0,0.01831382624417166
Virtual Maximum,XGBoost,0.08,0.08989611388995768,0.06521739130434784,0.0,0.02467872258560984
Virtual Maximum,XGBoost,0.09,0.0852611105708451,0.05494505494505496,0.0,0.030316055625790136
Virtual Maximum,XGBoost,0.1,0.08157325467059981,0.04444444444444445,0.0,0.03712881022615536
Virtual Maximum,XGBoost,0.11,0.07702893507010042,0.03370786516853934,0.0,0.04332106990156108
Virtual Maximum,XGBoost,0.12,0.07358004827031375,0.02272727272727275,0.0,0.050852775543041004
Virtual Maximum,XGBoost,0.13,0.06895127657410233,0.011494252873563232,0.0,0.057457023700539095
Virtual Maximum,XGBoost,0.14,0.0659724223091171,0.0,0.0,0.0659724223091171
Virtual Maximum,XGBoost,0.15,0.06322748568453929,-0.011764705882352927,0.0,0.06322748568453929
Virtual Maximum,XGBoost,0.16,0.06069953645174884,-0.023809523809523808,0.0,0.06069953645174884
Virtual Maximum,XGBoost,0.17,0.059434907772683655,-0.03614457831325302,0.0,0.059434907772683655
Virtual Maximum,XGBoost,0.18,0.05696093244118283,-0.04878048780487801,0.0,0.05696093244118283
Virtual Maximum,XGBoost,0.19,0.05363924396372775,-0.061728395061728364,0.0,0.05363924396372775
Virtual Maximum,XGBoost,0.2,0.05141592920353982,-0.07499999999999998,0.0,0.05141592920353982
Virtual Maximum,XGBoost,0.21,0.0491206452335611,-0.08860759493670883,0.0,0.0491206452335611
Virtual Maximum,XGBoost,0.22,0.04722940776038122,-0.10256410256410253,0.0,0.04722940776038122
Virtual Maximum,XGBoost,0.23,0.04564302953683484,-0.11688311688311687,0.0,0.04564302953683484
Virtual Maximum,XGBoost,0.24,0.04395901257568701,-0.13157894736842102,0.0,0.04395901257568701
Virtual Maximum,XGBoost,0.25,0.042831858407079655,-0.1466666666666666,0.0,0.042831858407079655
Virtual Maximum,XGBoost,0.26,0.042133460894522835,-0.16216216216216217,0.0,0.042133460894522835
Virtual Maximum,XGBoost,0.27,0.03922172384531458,-0.1780821917808219,0.0,0.03922172384531458
Virtual Maximum,XGBoost,0.28,0.03795476892822025,-0.19444444444444448,0.0,0.03795476892822025
Virtual Maximum,XGBoost,0.29,0.035193817773900044,-0.2112676056338028,0.0,0.035193817773900044
Virtual Maximum,XGBoost,0.3,0.03410872313527181,-0.2285714285714286,0.0,0.03410872313527181
Virtual Maximum,XGBoost,0.31,0.03322046941131204,-0.24637681159420294,0.0,0.03322046941131204
Virtual Maximum,XGBoost,0.32,0.03171264966163456,-0.2647058823529412,0.0,0.03171264966163456
Virtual Maximum,XGBoost,0.33,0.029863954563465852,-0.28358208955223885,0.0,0.029863954563465852
Virtual Maximum,XGBoost,0.34,0.0273799946366318,-0.3030303030303031,0.0,0.0273799946366318
Virtual Maximum,XGBoost,0.35,0.026929884275017024,-0.32307692307692304,0.0,0.026929884275017024
Virtual Maximum,XGBoost,0.36,0.025099557522123898,-0.34375,0.0,0.025099557522123898
Virtual Maximum,XGBoost,0.37,0.024568057311420137,-0.3650793650793651,0.0,0.024568057311420137
Virtual Maximum,XGBoost,0.38,0.023242934627462172,-0.3870967741935484,0.0,0.023242934627462172
Virtual Maximum,XGBoost,0.39,0.022225446104743942,-0.4098360655737705,0.0,0.022225446104743942
Virtual Maximum,XGBoost,0.4,0.021238938053097345,-0.43333333333333335,0.0,0.021238938053097345
Virtual Maximum,XGBoost,0.41,0.019670016499175047,-0.4576271186440676,0.0,0.019670016499175047
Virtual Maximum,XGBoost,0.42,0.017796765334147084,-0.482758620689655,0.0,0.017796765334147084
Virtual Maximum,XGBoost,0.43,0.016155876416705482,-0.5087719298245613,0.0,0.016155876416705482
Virtual Maximum,XGBoost,0.44,0.016447534766118835,-0.5357142857142857,0.0,0.016447534766118835
Virtual Maximum,XGBoost,0.45,0.015510860820595333,-0.5636363636363636,0.0,0.015510860820595333
Virtual Maximum,XGBoost,0.46,0.01504424778761062,-0.5925925925925926,0.0,0.01504424778761062
Virtual Maximum,XGBoost,0.47,0.014342962097178166,-0.6226415094339621,0.0,0.014342962097178166
Virtual Maximum,XGBoost,0.48,0.013982300884955758,-0.6538461538461537,0.0,0.013982300884955758
Virtual Maximum,XGBoost,0.49,0.012798889467291338,-0.6862745098039215,0.0,0.012798889467291338
Virtual Maximum,XGBoost,0.5,0.01185840707964602,-0.72,0.0,0.01185840707964602
Virtual Maximum,Random Forest,0.02,0.12412858948889291,0.12244897959183675,0.0,0.001679609897056164
Virtual Maximum,Random Forest,0.03,0.11739804762339204,0.11340206185567012,0.0,0.003995985767721921
Virtual Maximum,Random Forest,0.04,0.11071533923303833,0.10416666666666669,0.0,0.006548672566371649
Virtual Maximum,Random Forest,0.05,0.10419189566837447,0.09473684210526317,0.0,0.009455053563111299
Virtual Maximum,Random Forest,0.06,0.09896064771229524,0.08510638297872342,0.0,0.01385426473357182
Virtual Maximum,Random Forest,0.07,0.09411171376915023,0.07526881720430108,0.0,0.01884289656484915
Virtual Maximum,Random Forest,0.08,0.08874182377837629,0.06521739130434784,0.0,0.023524432474028453
Virtual Maximum,Random Forest,0.09,0.08349703393951183,0.05494505494505496,0.0,0.02855197899445687
Virtual Maximum,Random Forest,0.1,0.07942969518190757,0.04444444444444445,0.0,0.034985250737463114
Virtual Maximum,Random Forest,0.11,0.07467435616983197,0.03370786516853934,0.0,0.040966491001292626
Virtual Maximum,Random Forest,0.12,0.07184231697506033,0.02272727272727275,0.0,0.04911504424778758
Virtual Maximum,Random Forest,0.13,0.06874173532702675,0.011494252873563232,0.0,0.05724748245346352
Virtual Maximum,Random Forest,0.14,0.06565136859436096,0.0,0.0,0.06565136859436096
Virtual Maximum,Random Forest,0.15,0.06233211868818323,-0.011764705882352927,0.0,0.06233211868818323
Virtual Maximum,Random Forest,0.16,0.05931731984829329,-0.023809523809523808,0.0,0.05931731984829329
Virtual Maximum,Random Forest,0.17,0.056754451434054796,-0.03614457831325302,0.0,0.056754451434054796
Virtual Maximum,Random Forest,0.18,0.054167925750053955,-0.04878048780487801,0.0,0.054167925750053955
Virtual Maximum,Random Forest,0.19,0.05177755927018463,-0.061728395061728364,0.0,0.05177755927018463
Virtual Maximum,Random Forest,0.2,0.0495575221238938,-0.07499999999999998,0.0,0.0495575221238938
Virtual Maximum,Random Forest,0.21,0.046770471603002135,-0.08860759493670883,0.0,0.046770471603002135
Virtual Maximum,Random Forest,0.22,0.04574994327206717,-0.10256410256410253,0.0,0.04574994327206717
Virtual Maximum,Random Forest,0.23,0.044822434202965174,-0.11688311688311687,0.0,0.044822434202965174
Virtual Maximum,Random Forest,0.24,0.04415463437354448,-0.13157894736842102,0.0,0.04415463437354448
Virtual Maximum,Random Forest,0.25,0.04336283185840708,-0.1466666666666666,0.0,0.04336283185840708
Virtual Maximum,Random Forest,0.26,0.041798612772064106,-0.16216216216216217,0.0,0.041798612772064106
Virtual Maximum,Random Forest,0.27,0.04080252151775973,-0.1780821917808219,0.0,0.04080252151775973
Virtual Maximum,Random Forest,0.28,0.03944936086529006,-0.19444444444444448,0.0,0.03944936086529006
Virtual Maximum,Random Forest,0.29,0.03575719805559019,-0.2112676056338028,0.0,0.03575719805559019
Virtual Maximum,Random Forest,0.3,0.03246523388116308,-0.2285714285714286,0.0,0.03246523388116308
Virtual Maximum,Random Forest,0.31,0.029257406694882648,-0.24637681159420294,0.0,0.029257406694882648
Virtual Maximum,Random Forest,0.32,0.027277459656428943,-0.2647058823529412,0.0,0.027277459656428943
Virtual Maximum,Random Forest,0.33,0.025975432571654994,-0.28358208955223885,0.0,0.025975432571654994
Virtual Maximum,Random Forest,0.34,0.023319924912845263,-0.3030303030303031,0.0,0.023319924912845263
Virtual Maximum,Random Forest,0.35,0.023117767188563648,-0.32307692307692304,0.0,0.023117767188563648
Virtual Maximum,Random Forest,0.36,0.02098451327433628,-0.34375,0.0,0.02098451327433628
Virtual Maximum,Random Forest,0.37,0.01937069813176008,-0.3650793650793651,0.0,0.01937069813176008
Virtual Maximum,Random Forest,0.38,0.01846988295746503,-0.3870967741935484,0.0,0.01846988295746503
Virtual Maximum,Random Forest,0.39,0.018308428840853035,-0.4098360655737705,0.0,0.018308428840853035
Virtual Maximum,Random Forest,0.4,0.0159882005899705,-0.43333333333333335,0.0,0.0159882005899705
Virtual Maximum,Random Forest,0.41,0.01619619019049048,-0.4576271186440676,0.0,0.01619619019049048
Virtual Maximum,Random Forest,0.42,0.015062557216966737,-0.482758620689655,0.0,0.015062557216966737
Virtual Maximum,Random Forest,0.43,0.015516224188790558,-0.5087719298245613,0.0,0.015516224188790558
Virtual Maximum,Random Forest,0.44,0.013590391908975982,-0.5357142857142857,0.0,0.013590391908975982
Virtual Maximum,Random Forest,0.45,0.011971037811745779,-0.5636363636363636,0.0,0.011971037811745779
Virtual Maximum,Random Forest,0.46,0.011701081612586038,-0.5925925925925926,0.0,0.011701081612586038
Virtual Maximum,Random Forest,0.47,0.012048756052763402,-0.6226415094339621,0.0,0.012048756052763402
Virtual Maximum,Random Forest,0.48,0.011177671885636488,-0.6538461538461537,0.0,0.011177671885636488
Virtual Maximum,Random Forest,0.49,0.010411244143675169,-0.6862745098039215,0.0,0.010411244143675169
Virtual Maximum,Random Forest,0.5,0.007964601769911506,-0.72,0.0,0.007964601769911506
Virtual Maximum,Neural Network,0.02,0.12390464150261873,0.12244897959183675,0.0,0.0014556619107819885
Virtual Maximum,Neural Network,0.03,0.11712982392117507,0.11340206185567012,0.0,0.003727762065504958
Virtual Maximum,Neural Network,0.04,0.11142330383480825,0.10416666666666669,0.0,0.0072566371681415665
Virtual Maximum,Neural Network,0.05,0.1038379133674895,0.09473684210526317,0.0,0.009101071262226326
Virtual Maximum,Neural Network,0.06,0.0970739973639616,0.08510638297872342,0.0,0.01196761438523819
Virtual Maximum,Neural Network,0.07,0.09183937577314681,0.07526881720430108,0.0,0.016570558568845734
Virtual Maximum,Neural Network,0.08,0.08726433243555214,0.06521739130434784,0.0,0.022046941131204298
Virtual Maximum,Neural Network,0.09,0.08166099387338326,0.05494505494505496,0.0,0.026715938928328298
Virtual Maximum,Neural Network,0.1,0.0784070796460177,0.04444444444444445,0.0,0.03396263520157325
Virtual Maximum,Neural Network,0.11,0.07438003380729839,0.03370786516853934,0.0,0.040672168638759054
Virtual Maximum,Neural Network,0.12,0.07053901850362027,0.02272727272727275,0.0,0.04781174577634752
Virtual Maximum,Neural Network,0.13,0.06751907232224597,0.011494252873563232,0.0,0.05602481944868273
Virtual Maximum,Neural Network,0.14,0.06583659189133567,0.0,0.0,0.06583659189133567
Virtual Maximum,Neural Network,0.15,0.06298802706923477,-0.011764705882352927,0.0,0.06298802706923477
Virtual Maximum,Neural Network,0.16,0.06072482090181205,-0.023809523809523808,0.0,0.06072482090181205
Virtual Maximum,Neural Network,0.17,0.05821729395457936,-0.03614457831325302,0.0,0.05821729395457936
Virtual Maximum,Neural Network,0.18,0.05528167494064321,-0.04878048780487801,0.0,0.05528167494064321
Virtual Maximum,Neural Network,0.19,0.0519195892057249,-0.061728395061728364,0.0,0.0519195892057249
Virtual Maximum,Neural Network,0.2,0.049424778761061945,-0.07499999999999998,0.0,0.049424778761061945
Virtual Maximum,Neural Network,0.21,0.048130390948807,-0.08860759493670883,0.0,0.048130390948807
Virtual Maximum,Neural Network,0.22,0.047283866575901966,-0.10256410256410253,0.0,0.047283866575901966
Virtual Maximum,Neural Network,0.23,0.04635559131134353,-0.11688311688311687,0.0,0.04635559131134353
Virtual Maximum,Neural Network,0.24,0.043856544014904526,-0.13157894736842102,0.0,0.043856544014904526
Virtual Maximum,Neural Network,0.25,0.0424188790560472,-0.1466666666666666,0.0,0.0424188790560472
Virtual Maximum,Neural Network,0.26,0.04184644821812963,-0.16216216216216217,0.0,0.04184644821812963
Virtual Maximum,Neural Network,0.27,0.039910292156625046,-0.1780821917808219,0.0,0.039910292156625046
Virtual Maximum,Neural Network,0.28,0.03861356932153392,-0.19444444444444448,0.0,0.03861356932153392
Virtual Maximum,Neural Network,0.29,0.03759192322074036,-0.2112676056338028,0.0,0.03759192322074036
Virtual Maximum,Neural Network,0.3,0.035044247787610616,-0.2285714285714286,0.0,0.035044247787610616
Virtual Maximum,Neural Network,0.31,0.034097729896113885,-0.24637681159420294,0.0,0.034097729896113885
Virtual Maximum,Neural Network,0.32,0.033263925039042165,-0.2647058823529412,0.0,0.033263925039042165
Virtual Maximum,Neural Network,0.33,0.03287280412098797,-0.28358208955223885,0.0,0.03287280412098797
Virtual Maximum,Neural Network,0.34,0.03145615446500401,-0.3030303030303031,0.0,0.03145615446500401
Virtual Maximum,Neural Network,0.35,0.03049693669162696,-0.32307692307692304,0.0,0.03049693669162696
Virtual Maximum,Neural Network,0.36,0.028650442477876112,-0.34375,0.0,0.028650442477876112
Virtual Maximum,Neural Network,0.37,0.025610338530692507,-0.3650793650793651,0.0,0.025610338530692507
Virtual Maximum,Neural Network,0.38,0.025503853839566083,-0.3870967741935484,0.0,0.025503853839566083
Virtual Maximum,Neural Network,0.39,0.024230378645002174,-0.4098360655737705,0.0,0.024230378645002174
Virtual Maximum,Neural Network,0.4,0.023185840707964596,-0.43333333333333335,0.0,0.023185840707964596
Virtual Maximum,Neural Network,0.41,0.021979901004949762,-0.4576271186440676,0.0,0.021979901004949762
Virtual Maximum,Neural Network,0.42,0.020439426304546846,-0.482758620689655,0.0,0.020439426304546846
Virtual Maximum,Neural Network,0.43,0.019288930290327588,-0.5087719298245613,0.0,0.019288930290327588
Virtual Maximum,Neural Network,0.44,0.017597977243994943,-0.5357142857142857,0.0,0.017597977243994943
Virtual Maximum,Neural Network,0.45,0.016653258246178602,-0.5636363636363636,0.0,0.016653258246178602
Virtual Maximum,Neural Network,0.46,0.01649950835791544,-0.5925925925925926,0.0,0.01649950835791544
Virtual Maximum,Neural Network,0.47,0.01537151444314577,-0.6226415094339621,0.0,0.01537151444314577
Virtual Maximum,Neural Network,0.48,0.013791695030633083,-0.6538461538461537,0.0,0.013791695030633083
Virtual Maximum,Neural Network,0.49,0.011296199895887562,-0.6862745098039215,0.0,0.011296199895887562
Virtual Maximum,Neural Network,0.5,0.010265486725663717,-0.72,0.0,0.010265486725663717
