Scenario,Model,threshold,n_flagged,pct_flagged,sensitivity,sens_ci_low,sens_ci_high,specificity,spec_ci_low,spec_ci_high,ppv,ppv_ci_low,ppv_ci_high,npv,npv_ci_low,npv_ci_high,tp,fp,fn,tn,is_youden
Without Symptoms,Stepwise LR,0.1,2450,43.36283185840708,0.8268015170670038,0.792758727756108,0.8562614903481075,0.6303766207038485,0.612398737488145,0.6467862827043256,0.26693877551020406,0.24505792891434916,0.2881605956738124,0.9571875,0.9487158054711246,0.9650338446324002,654,1796,137,3063,False
Without Symptoms,Stepwise LR,0.146,1769,31.309734513274336,0.7307206068268015,0.6931509206394987,0.7660249285487456,0.7548878370034987,0.7385131538010348,0.7694709459353236,0.3267382702091577,0.2999410695322151,0.3521795496360843,0.9451172378253028,0.9367640654992266,0.9529992209815632,578,1191,213,3668,True
Without Symptoms,Stepwise LR,0.15,1714,30.336283185840706,0.7206068268015171,0.6828930359630455,0.7565183324528608,0.7645606091788434,0.7483685116229978,0.7793233324074583,0.33255542590431736,0.3047871142816514,0.3582817484706241,0.9438516260162602,0.9349464200508318,0.9517111395271011,570,1144,221,3715,False
Without Symptoms,Stepwise LR,0.2,1251,22.141592920353983,0.584070796460177,0.5415041712608436,0.6243731430779275,0.8376209096521918,0.8228404158597413,0.8499400583027449,0.36930455635491605,0.3365640569110884,0.4004815894342961,0.9252102750625142,0.9154112292769009,0.9346799233039541,462,789,329,4070,False
Without Symptoms,Stepwise LR,0.25,962,17.02654867256637,0.4879898862199747,0.4438704502328791,0.5307270702204263,0.8814570899362009,0.8695208812347759,0.8922858582465569,0.40124740124740127,0.3631428879310345,0.4369688189845475,0.9136092150170648,0.9031700165579402,0.9236027545994093,386,576,405,4283,False
Without Symptoms,Stepwise LR,0.3,720,12.743362831858407,0.427307206068268,0.38762351243251764,0.4696617984381008,0.921383000617411,0.9113127981449294,0.9303436059504941,0.46944444444444444,0.4265251896244967,0.5108206525853585,0.9081135902636917,0.898207618383757,0.9181442871609135,338,382,453,4477,False
Without Symptoms,Stepwise LR,0.4,420,7.433628318584071,0.2895069532237674,0.25396220830473576,0.3277714995139327,0.9606915003087055,0.9536498798787323,0.9669424901259981,0.5452380952380952,0.4903608903463748,0.6011113403608808,0.8925430210325048,0.8815623218119173,0.9030085957608841,229,191,562,4668,False
Without Symptoms,Stepwise LR,0.5,277,4.902654867256637,0.21238938053097345,0.1790483987923999,0.24605565252416756,0.9775674006997325,0.9723014314579838,0.9823943842172791,0.6064981949458483,0.5394999200831135,0.6713860924061604,0.8840498790247534,0.8732131581933337,0.8942909731777267,168,109,623,4750,False
Without Symptoms,XGBoost,0.1,2581,45.68141592920354,0.8242730720606827,0.7897607710717637,0.8549232685994542,0.603004733484256,0.5839169372720872,0.6199290812874203,0.25261526540100737,0.23145746359841157,0.2726626379942308,0.9547083740632127,0.9455552833519777,0.963508125006049,652,1929,139,2930,False
Without Symptoms,XGBoost,0.15,1777,31.451327433628318,0.7104930467762326,0.6747841086579167,0.7473186457846346,0.7499485490841737,0.7327355724177855,0.7650575599495414,0.31626336522228476,0.2890762926207669,0.3403453415091126,0.9408727084947069,0.9316178529144346,0.9492014707507552,562,1215,229,3644,False
Without Symptoms,XGBoost,0.159,1669,29.53982300884956,0.6915297092288243,0.6538917894339216,0.7288996673640483,0.769088289771558,0.752665666152993,0.783769498838643,0.32774116237267825,0.29904860387999727,0.35409651850846896,0.9387088671188144,0.9292066056060647,0.9473687571418968,547,1122,244,3737,True
Without Symptoms,XGBoost,0.2,1257,22.24778761061947,0.5853350189633375,0.5456584090686993,0.6276958416385306,0.8365918913356658,0.8227133650007151,0.8495762955352846,0.36833731105807477,0.3363409411312372,0.39936145678957186,0.9253357614386524,0.9155204356613519,0.9345107358958205,463,794,328,4065,False
Without Symptoms,XGBoost,0.25,915,16.194690265486724,0.48166877370417194,0.43870529245786627,0.5248617034542961,0.8901008437950195,0.8782327333030967,0.9008806162802079,0.4163934426229508,0.37810735887096775,0.4528715655819284,0.9134107708553326,0.9030541574419999,0.9232912134422856,381,534,410,4325,False
Without Symptoms,XGBoost,0.3,673,11.91150442477876,0.3843236409608091,0.3435886935206354,0.4253940222551365,0.9240584482403786,0.9140722759676022,0.9328374014081611,0.45170876671619614,0.4064654971925978,0.4942121671722278,0.9021498894916616,0.8909634941701902,0.9126848130253019,304,369,487,4490,False
Without Symptoms,XGBoost,0.4,386,6.831858407079645,0.2667509481668774,0.22852480570190187,0.3033900669642857,0.9639843589215888,0.957311177760578,0.9701040023002532,0.5466321243523317,0.48410382045683353,0.6039891395154553,0.8898176291793313,0.8792151482264154,0.899642529782346,211,175,580,4684,False
Without Symptoms,XGBoost,0.5,210,3.7168141592920354,0.1731984829329962,0.14139565380292243,0.20576168828274727,0.9849763325787199,0.9810334975244086,0.9887074052198402,0.6523809523809524,0.5771096440872561,0.7251321142473682,0.8797794117647059,0.8690418826537182,0.8903384296609921,137,73,654,4786,False
Without Symptoms,Random Forest,0.1,2807,49.68141592920354,0.8621997471554994,0.8320690118152524,0.8910262645914397,0.5626672154764355,0.5439093773193038,0.5804976203409997,0.2429640185251158,0.22341885024244684,0.2629910549744405,0.9616602180794935,0.953085346215781,0.9698746488066881,682,2125,109,2734,False
Without Symptoms,Random Forest,0.15,1927,34.10619469026548,0.7218710493046776,0.6819879832810867,0.7577737678860494,0.7209302325581395,0.703485339081345,0.7358354461141094,0.2963155163466528,0.2710652822801496,0.32056927115033473,0.940907869997314,0.9319236692752707,0.9495044794994555,571,1356,220,3503,False
Without Symptoms,Random Forest,0.16,1802,31.893805309734514,0.7054361567635904,0.665066569136506,0.7430860368956743,0.7439802428483226,0.7265448148712792,0.7583670785493989,0.30965593784683687,0.28345681393018946,0.33497113958392516,0.9394490644490644,0.9300108926005931,0.9478244990617963,558,1244,233,3615,True
Without Symptoms,Random Forest,0.2,1343,23.76991150442478,0.5979772439949431,0.5542439592659494,0.6410955538569968,0.82095081292447,0.8058939136733043,0.8337087017910598,0.35219657483246464,0.3192501452161646,0.3823122119815668,0.926166705363362,0.9158083775560921,0.935692262736741,473,870,318,3989,False
Without Symptoms,Random Forest,0.25,894,15.823008849557521,0.4715549936788875,0.4278521763315255,0.5129722893338423,0.8927762914179872,0.8814882320653813,0.9029806262390412,0.4172259507829978,0.38038787604020347,0.4546526908050919,0.9121110176619007,0.9018760051980407,0.9218127603043625,373,521,418,4338,False
Without Symptoms,Random Forest,0.3,650,11.504424778761061,0.37420986093552466,0.33072265086145386,0.4158236029311053,0.9271455031899568,0.917405889963057,0.9358710487142193,0.4553846153846154,0.4078811919504644,0.4976194893303243,0.901,0.8905445863329764,0.9110304125839619,296,354,495,4505,False
Without Symptoms,Random Forest,0.4,323,5.716814159292036,0.23388116308470291,0.19864177021729018,0.2725055174674947,0.9715990944638815,0.9659349131618713,0.9766687252545725,0.5727554179566563,0.5085759691709759,0.632810236370568,0.886239909892998,0.8750229390175043,0.8963596785835631,185,138,606,4721,False
Without Symptoms,Random Forest,0.5,143,2.5309734513274336,0.1213653603034134,0.09503774444018405,0.15097075709388294,0.9903272278246553,0.987050293153635,0.99324976795659,0.6713286713286714,0.5813874921433061,0.7581740196078431,0.8737969856546214,0.8630824803795186,0.8840537213811634,96,47,695,4812,False
Without Symptoms,Neural Network,0.1,3128,55.36283185840708,0.854614412136536,0.8236004164646236,0.8843822335861153,0.49536941757563285,0.4765528414049132,0.5130437886931688,0.21611253196930946,0.19871572321229072,0.2342615178563756,0.9544012688342586,0.9443140455547473,0.963963484605119,676,2452,115,2407,False
Without Symptoms,Neural Network,0.15,2384,42.19469026548673,0.7484197218710493,0.7112284019687931,0.782554478415776,0.6311998353570694,0.611787986197844,0.6480019908542938,0.2483221476510067,0.22651978082565766,0.26934850913418706,0.9390691977954685,0.929663562796394,0.9489615789875698,592,1792,199,3067,False
Without Symptoms,Neural Network,0.2,1801,31.87610619469027,0.6890012642225032,0.651067948533898,0.7288094326503309,0.7415105988886602,0.7243938250691189,0.7564078251971135,0.3026096612992782,0.2775589378537186,0.3278355137793743,0.936087295401403,0.9259714474301272,0.9453349944244895,545,1256,246,3603,False
Without Symptoms,Neural Network,0.214,1661,29.398230088495573,0.6700379266750948,0.6311746406132449,0.7110866576427237,0.7672360568018111,0.7522446426055942,0.7823798690895083,0.31908488862131246,0.29206889438943895,0.34461448477639034,0.9345700676861369,0.924884119378368,0.9443213172614111,530,1131,261,3728,True
Without Symptoms,Neural Network,0.25,1349,23.876106194690266,0.6055625790139064,0.5641409924577663,0.6454440354202724,0.82095081292447,0.8063001325728036,0.8347220721817906,0.35507783543365457,0.32298141606223457,0.3842969022285093,0.9274587305277843,0.9177218341736523,0.9372970874825999,479,870,312,3989,False
Without Symptoms,Neural Network,0.3,988,17.486725663716815,0.48672566371681414,0.4432848317530719,0.529920049200492,0.8759003910269603,0.8634775355325464,0.887764321980899,0.3896761133603239,0.3531187563971341,0.42596723563081523,0.9129129129129129,0.9029683856097231,0.9227761776821736,385,603,406,4256,False
Without Symptoms,Neural Network,0.4,596,10.548672566371682,0.3527180783817952,0.3122679183660834,0.3924876723986884,0.9347602387322494,0.92543613984719,0.9422004619155354,0.46812080536912754,0.4182561425273097,0.51516065830721,0.8986941036802533,0.8879002676100096,0.9090566059496085,279,317,512,4542,False
Without Symptoms,Neural Network,0.5,352,6.230088495575221,0.2579013906447535,0.22125724573701142,0.2970338073348151,0.9695410578308293,0.9635818603382433,0.9751795243019649,0.5795454545454546,0.5184131240111041,0.6434328010257606,0.8892034730086825,0.8784803476260548,0.8992397227413661,204,148,587,4711,False
With Symptoms,Stepwise LR,0.1,2366,41.876106194690266,0.8116308470290771,0.7750225996693821,0.8444583333333333,0.6451944844618234,0.6261269033841671,0.6619690261668048,0.2713440405748098,0.24934646289814152,0.293801239435168,0.9546285018270402,0.9461158955149639,0.9627457500150723,642,1724,149,3135,False
With Symptoms,Stepwise LR,0.116,2097,37.11504424778761,0.7876106194690266,0.7535335544879127,0.8212756961827284,0.6966454002881252,0.6789907360295695,0.7120615088228724,0.29709108249880783,0.27272515066632713,0.3208000660105726,0.9527160146355192,0.9443473064216025,0.9606407803862067,623,1474,168,3385,True
With Symptoms,Stepwise LR,0.15,1671,29.575221238938056,0.6978508217446271,0.6630821210431609,0.7358756489806255,0.7697057007614736,0.7543309486259117,0.7841016080930835,0.3303411131059246,0.3046710451007326,0.35628086980525603,0.9399346569489822,0.9310859692665153,0.9489495226056821,552,1119,239,3740,False
With Symptoms,Stepwise LR,0.2,1218,21.557522123893804,0.6055625790139064,0.5678692022601416,0.6462974908303626,0.8479110928174521,0.8346197935789965,0.8593790897111429,0.39326765188834156,0.35947826304969166,0.4239873145204028,0.9296028880866426,0.9205876814318514,0.9384383814889454,479,739,312,4120,False
With Symptoms,Stepwise LR,0.25,910,16.10619469026549,0.5082174462705437,0.46748676020965274,0.546711210974456,0.8954517390409549,0.8840309139660847,0.9057074691287975,0.44175824175824174,0.40327690458753496,0.4780745910368326,0.9179324894514768,0.9081381072944003,0.9271615524579633,402,508,389,4351,False
With Symptoms,Stepwise LR,0.3,727,12.867256637168142,0.43742098609355246,0.3973993456101346,0.47764813957078894,0.9215888042807162,0.9119398324259156,0.9300185458526462,0.4759284731774415,0.4331509454765974,0.5174024567473312,0.909607962624416,0.8998555149127105,0.9192542170201983,346,381,445,4478,False
With Symptoms,Stepwise LR,0.4,482,8.530973451327434,0.347661188369153,0.3078716915995397,0.3861685002922488,0.9573986416958222,0.9501842825178304,0.9638472072808503,0.5705394190871369,0.5172379102199404,0.6177203572058606,0.9001547987616099,0.8901301420775425,0.91014161964179,275,207,516,4652,False
With Symptoms,Stepwise LR,0.5,316,5.592920353982301,0.2604298356510746,0.22522995283018868,0.29474849485336957,0.9773615970364272,0.9717935270991882,0.9819467958634764,0.6518987341772152,0.5904559270516717,0.7097871433122,0.890326209223847,0.879796070076143,0.9004351010835185,206,110,585,4749,False
With Symptoms,XGBoost,0.1,2459,43.52212389380531,0.8141592920353983,0.7800203634085213,0.8450144769613948,0.6264663511010496,0.6082246798434237,0.6426503123616291,0.2618950793005287,0.24053391053391054,0.28177278335422384,0.9539329363835788,0.9451853338761601,0.962389796393639,644,1815,147,3044,False
With Symptoms,XGBoost,0.129,1980,35.04424778761062,0.7597977243994943,0.7250585522746648,0.7924504142646641,0.7161967483021198,0.6991089529116237,0.7312146384068543,0.30353535353535355,0.27810255700520675,0.32663759348810995,0.9482288828337875,0.9398615558564216,0.9564176001502487,601,1379,190,3480,True
With Symptoms,XGBoost,0.15,1704,30.159292035398227,0.7029077117572693,0.66705165665557,0.7419399088455242,0.7637373945256225,0.7483120480159855,0.7784523093341357,0.32629107981220656,0.2985468260691313,0.35099023188807554,0.9404460212873796,0.9311545014389231,0.9491184679614889,556,1148,235,3711,False
With Symptoms,XGBoost,0.2,1233,21.82300884955752,0.5891276864728192,0.5495193685860073,0.6290575654344128,0.8421485902449064,0.8278203516561301,0.8541124665994915,0.37793998377939986,0.3455895952278875,0.40829565603708234,0.926420647498302,0.917019508735643,0.9352635682243642,466,767,325,4092,False
With Symptoms,XGBoost,0.25,900,15.929203539823009,0.504424778761062,0.46295652479280797,0.5444915174980828,0.8968923646840914,0.8864793792760769,0.9065617563968854,0.44333333333333336,0.4068446246148857,0.4803408000431952,0.9174736842105263,0.9074671467792896,0.9269236075132512,399,501,392,4358,False
With Symptoms,XGBoost,0.3,691,12.230088495575222,0.42351453855878635,0.3831530099476977,0.4619292440101688,0.9267338958633463,0.9179128627381389,0.9352745441664633,0.48480463096960924,0.43854676184564456,0.5270077924639968,0.9080459770114943,0.8978907436458203,0.9176701831368418,335,356,456,4503,False
With Symptoms,XGBoost,0.4,421,7.451327433628318,0.3059418457648546,0.26657108423217196,0.34411131226862374,0.963161144268368,0.9564216854048987,0.9691059208943479,0.5748218527315915,0.5216373663502305,0.6250148104265403,0.8950086058519794,0.883924393586039,0.905073653703024,242,179,549,4680,False
With Symptoms,XGBoost,0.5,260,4.601769911504425,0.21238938053097345,0.1774941644113667,0.24709482674679017,0.9810660629759209,0.9758935393845902,0.9855407688548351,0.6461538461538462,0.577020690979501,0.7130973674555127,0.8844155844155844,0.8735317855603398,0.8943564818146044,168,92,623,4767,False
With Symptoms,Random Forest,0.1,2699,47.769911504424776,0.8470290771175727,0.8164755789956432,0.8740408236364385,0.5824243671537354,0.5640526731889485,0.5990645701861205,0.2482400889218229,0.22743649043713848,0.26868504604114607,0.9589969501863775,0.9504828200608296,0.9667374880610625,670,2029,121,2830,False
With Symptoms,Random Forest,0.149,1880,33.27433628318584,0.7307206068268015,0.6959655235650101,0.7670248906215871,0.7320436303766207,0.7139927662329626,0.746413807390926,0.3074468085106383,0.28096726708506975,0.3319131852784752,0.943501326259947,0.9343631693832802,0.9525205294710357,578,1302,213,3557,True
With Symptoms,Random Forest,0.15,1867,33.04424778761062,0.7281921618204804,0.6931002854841029,0.7650745334168143,0.734307470672978,0.7166102933130797,0.7488764630818465,0.3085163363685056,0.28179974099646227,0.3331534772182254,0.9431667988369019,0.9338800923319801,0.9521159726460416,576,1291,215,3568,False
With Symptoms,Random Forest,0.2,1291,22.849557522123895,0.6093552465233881,0.5694979179466175,0.650065441197976,0.8335048363860876,0.819804923137576,0.8457068810973255,0.37335398915569323,0.34134420372544544,0.4020931613439072,0.9291121816930489,0.9196506471942337,0.9378222648643102,482,809,309,4050,False
With Symptoms,Random Forest,0.25,977,17.292035398230087,0.5221238938053098,0.4804797983146477,0.5619552203065135,0.8839267338958633,0.8723540713612948,0.8942533980305498,0.4227226202661208,0.3850129165590287,0.45859451807603757,0.9191097795848492,0.909340611123344,0.9279891626628647,413,564,378,4295,False
With Symptoms,Random Forest,0.3,714,12.63716814159292,0.42983565107458915,0.38820473644003056,0.4693750242464212,0.9230294299238526,0.9135564647720611,0.9312723176590375,0.47619047619047616,0.4312346727296088,0.5177632321726956,0.9086304700162074,0.8985793136995794,0.9179812482953494,340,374,451,4485,False
With Symptoms,Random Forest,0.4,383,6.778761061946903,0.2629582806573957,0.22588480876488456,0.3021617530642958,0.9639843589215888,0.9572044365017246,0.9696935944573923,0.5430809399477807,0.48592802338326635,0.600515856484495,0.889310803113727,0.8785626667207024,0.899816037735849,208,175,583,4684,False
With Symptoms,Random Forest,0.5,171,3.026548672566372,0.14538558786346398,0.11707542777325108,0.17509854258282873,0.9884749948549084,0.9850438184006917,0.9914722256368553,0.672514619883041,0.59258669497523,0.7461159622313984,0.8766198211352436,0.8661459869642383,0.8868554793325161,115,56,676,4803,False
With Symptoms,Neural Network,0.1,2197,38.88495575221239,0.7597977243994943,0.7246283567774936,0.7939983157712903,0.6715373533648898,0.6540724058450453,0.687274866966844,0.27355484751934456,0.2508066026758093,0.29562982295727663,0.9449753837242977,0.9354311268445772,0.9538734879162261,601,1596,190,3263,False
With Symptoms,Neural Network,0.15,1613,28.54867256637168,0.6763590391908976,0.6380426472706067,0.716085075440253,0.778143650956987,0.7634076232081607,0.7925777662025366,0.33168009919404834,0.30404424936591584,0.3599015764290222,0.936586574188754,0.9271441610515189,0.945514860683601,535,1078,256,3781,False
With Symptoms,Neural Network,0.175,1406,24.88495575221239,0.6536030341340076,0.612626877970541,0.6952763103955877,0.8170405433216711,0.8027999233452031,0.8300407758710401,0.36770981507823614,0.337441386624986,0.3981752268477553,0.9354382657869934,0.9259942470582887,0.9440717964921961,517,889,274,3970,True
With Symptoms,Neural Network,0.2,1252,22.15929203539823,0.606826801517067,0.5673996040723982,0.6501918379006678,0.8411195719283803,0.827691692699522,0.8539380923399933,0.38338658146964855,0.3515293491446538,0.41487709260436534,0.9292860391086858,0.9195133621878309,0.938264425403334,480,772,311,4087,False
With Symptoms,Neural Network,0.25,998,17.66371681415929,0.5309734513274337,0.49092536920561913,0.5752120453398548,0.8810454826095905,0.8690742485018756,0.8923204445908159,0.42084168336673344,0.3846759185644541,0.45846810506566604,0.9202493551160791,0.910575921262049,0.9294862000352356,420,578,371,4281,False
With Symptoms,Neural Network,0.3,811,14.353982300884956,0.48166877370417194,0.4407454435991462,0.5246235271170504,0.911504424778761,0.9010989666875477,0.9212297074169723,0.46979038224414305,0.4278086644036752,0.5110065401906241,0.915271750361645,0.905475383610316,0.9245176333527135,381,430,410,4429,False
With Symptoms,Neural Network,0.4,559,9.893805309734512,0.38305941845764857,0.3425336417816813,0.42581110981716547,0.947314262193867,0.9394567696454489,0.9545559973694427,0.5420393559928444,0.49118301161311995,0.5896567135063224,0.9041445688469849,0.8937625998178895,0.9138715190156569,303,256,488,4603,False
With Symptoms,Neural Network,0.5,396,7.008849557522123,0.29329962073324906,0.2557839879476002,0.33247581354441513,0.966248199217946,0.9596971394457002,0.9719566082063629,0.5858585858585859,0.5286296875000001,0.6397903225806452,0.8936048724781119,0.8827515280109853,0.9043654424656536,232,164,559,4695,False
Virtual Maximum,XGBoost,0.1,2372,41.982300884955755,0.8242730720606827,0.7905351353627216,0.8542228008646884,0.6460176991150443,0.6282592933746812,0.6618367955510116,0.2748735244519393,0.25214471182379705,0.2958161451876165,0.9575960951799878,0.9491871722678891,0.9655816454113528,652,1720,139,3139,False
Virtual Maximum,XGBoost,0.123,2033,35.982300884955755,0.7737041719342604,0.7368403648008911,0.8064112903225806,0.7075529944433011,0.690961924681445,0.7229513616232686,0.3010329562223315,0.27543571084744695,0.32376355492692127,0.9505114735969035,0.9418324790371688,0.958402062583109,612,1421,179,3438,True
Virtual Maximum,XGBoost,0.15,1689,29.89380530973451,0.7041719342604298,0.6680250530307112,0.7407861029315637,0.7670302531385058,0.7517526472397726,0.7811682931606388,0.32978093546477205,0.30280449424983086,0.35579072713377025,0.940924009088614,0.9320418733094109,0.9493175520349869,557,1132,234,3727,False
Virtual Maximum,XGBoost,0.2,1238,21.911504424778762,0.606826801517067,0.5687521262324124,0.6476903375408579,0.8440008232146532,0.8301254372263446,0.8560966389386602,0.3877221324717286,0.3546138195004029,0.4189367785608559,0.9295104261106074,0.919737526830769,0.9384989858497926,480,758,311,4101,False
Virtual Maximum,XGBoost,0.25,930,16.460176991150444,0.5233881163084703,0.48330661765888655,0.5640400949545125,0.8938053097345132,0.8832124353805363,0.9043113779584903,0.44516129032258067,0.4082937926063846,0.48116644388980234,0.9201271186440678,0.91047052150187,0.9289385875369519,414,516,377,4343,False
Virtual Maximum,XGBoost,0.3,717,12.690265486725663,0.4424778761061947,0.40131059687444354,0.4814379718424811,0.9244700555669891,0.9148786003690629,0.9329094702476168,0.4881450488145049,0.4430470591702027,0.5267852914090252,0.9106020677072775,0.9002827222206455,0.9201229723136467,350,367,441,4492,False
Virtual Maximum,XGBoost,0.4,435,7.6991150442477885,0.3109987357774968,0.27182901341301685,0.3508176523297491,0.9611031076353159,0.9543405809018437,0.9670651438097683,0.5655172413793104,0.5111570268250473,0.6157681947832714,0.8954937679769894,0.8846719197615901,0.9053224910122466,246,189,545,4670,False
Virtual Maximum,XGBoost,0.5,275,4.867256637168142,0.21618204804045513,0.1820541491788854,0.25060973236009737,0.9785964190162585,0.9734038469914414,0.9830220578051694,0.6218181818181818,0.5546992308198014,0.6818347710683477,0.8846511627906977,0.8738391846957425,0.8945628175759639,171,104,620,4755,False
Virtual Maximum,Random Forest,0.1,2711,47.982300884955755,0.8533501896333755,0.8250614390074034,0.8809300674903456,0.5809837415105988,0.5632281255630276,0.5978746741769855,0.24898561416451495,0.22924056996554049,0.2679399521287821,0.9605307927866621,0.952106264435331,0.9682440359229024,675,2036,116,2823,False
Virtual Maximum,Random Forest,0.137,2057,36.4070796460177,0.7699115044247787,0.7364587614741746,0.8025,0.7019962955340605,0.6834387507205573,0.7178347700110052,0.29606222654350994,0.2713133046837981,0.3186546660541438,0.9493459504592263,0.9411097668110291,0.9579938003570222,609,1448,182,3411,True
Virtual Maximum,Random Forest,0.15,1851,32.76106194690265,0.729456384323641,0.6930875248650186,0.7636605497061724,0.7378061329491665,0.7207419659283303,0.7535116386831905,0.3117233927606699,0.28586666666666666,0.33666351126500876,0.9436693866807054,0.9347122774762348,0.9523312163644247,577,1274,214,3585,False
Virtual Maximum,Random Forest,0.2,1310,23.1858407079646,0.6144121365360303,0.5744618517287234,0.6533101148124192,0.8304177814365096,0.8156526812554435,0.8431672609106234,0.3709923664122137,0.3398572520446634,0.4004730305922322,0.9297235023041475,0.9197542434663932,0.9379333643988816,486,824,305,4035,False
Virtual Maximum,Random Forest,0.25,977,17.292035398230087,0.5410872313527181,0.4980179649484209,0.5810777813070754,0.8870137888454415,0.8751017419627446,0.8977439143565298,0.43807574206755373,0.40135130108534367,0.4729371843434343,0.9223197089664027,0.9121969508276181,0.9308651534960964,428,549,363,4310,False
Virtual Maximum,Random Forest,0.3,712,12.601769911504423,0.43236409608091025,0.39014298793623436,0.47212248039398164,0.9238526445770735,0.9140950047917862,0.9323825238773366,0.4803370786516854,0.4354515399083108,0.5217391304347826,0.9090724989874444,0.8987722917551877,0.9185850564045314,342,370,449,4489,False
Virtual Maximum,Random Forest,0.4,387,6.849557522123893,0.26422250316055623,0.2282659166886711,0.30366660602262696,0.9633669479316732,0.9563861005345948,0.9690691530303257,0.5400516795865633,0.483856455759184,0.5973382716049384,0.889416682500475,0.8785926020205657,0.8996579732234969,209,178,582,4681,False
Virtual Maximum,Random Forest,0.5,177,3.132743362831859,0.14032869785082175,0.11267372446600131,0.17032439165117363,0.9864169582218564,0.9823469309908889,0.9897945107623507,0.6271186440677966,0.549332358674464,0.6994227549827854,0.8757536999817285,0.8649932214289413,0.8860590226932458,111,66,680,4793,False
Virtual Maximum,Neural Network,0.1,2373,42.0,0.8040455120101138,0.7684976657660302,0.8362595915841584,0.6425190368388557,0.6242038075857091,0.6583014893408394,0.26801517067003794,0.24625245323218928,0.2904707617572038,0.9527006408300275,0.943336999798084,0.9612246400788758,636,1737,155,3122,False
Virtual Maximum,Neural Network,0.15,1730,30.619469026548675,0.7104930467762326,0.673770838155218,0.7481709300939662,0.7596213212595184,0.7435250757225209,0.7734704618224122,0.3248554913294798,0.2976977158172654,0.35116827771920683,0.9415816326530613,0.9329204154030045,0.9509214328121908,562,1168,229,3691,False
Virtual Maximum,Neural Network,0.156,1681,29.752212389380535,0.706700379266751,0.669817710878702,0.7446605915760046,0.769088289771558,0.7536429653273286,0.782682646565808,0.3325401546698394,0.3060349422195656,0.3589611616121704,0.9415469891660367,0.93267873998959,0.9506674687165866,559,1122,232,3737,True
Virtual Maximum,Neural Network,0.2,1328,23.504424778761063,0.618204804045512,0.578883010063397,0.6584425630500358,0.8273307264869315,0.812627143936414,0.8405801420784548,0.3682228915662651,0.3364432376079498,0.3995418915750155,0.9301249421564091,0.9206176287380639,0.9394923316030507,489,839,302,4020,False
Virtual Maximum,Neural Network,0.25,1057,18.70796460176991,0.561314791403287,0.5218877050965588,0.6009752193594394,0.8738423543939082,0.8612452347545236,0.8850743391033352,0.42005676442762535,0.3853883893033987,0.45572064226219694,0.9244502503810146,0.9149392089690207,0.9337501772178037,444,613,347,4246,False
Virtual Maximum,Neural Network,0.3,838,14.831858407079645,0.49304677623261695,0.45406574661303456,0.5325758286583439,0.9077999588392673,0.8970189862899874,0.9179351634674691,0.46539379474940334,0.4275063311139688,0.5031076759561,0.9166666666666666,0.9071488149092135,0.926294212913117,390,448,401,4411,False
Virtual Maximum,Neural Network,0.4,566,10.017699115044248,0.38558786346396967,0.34491858631564515,0.4270836693548387,0.946285243877341,0.9382556384742952,0.9533611788371383,0.5388692579505301,0.49413822158085197,0.5837884258304106,0.9044059795436664,0.8941476274746905,0.9141522819698904,305,261,486,4598,False
Virtual Maximum,Neural Network,0.5,392,6.938053097345133,0.28445006321112515,0.2464442553402943,0.32429820704850265,0.9656307882280305,0.9592255904475112,0.9713935764600129,0.5739795918367347,0.5175090395108803,0.6286693764516705,0.892354507417269,0.8816199283327346,0.9027187990471606,225,167,566,4692,False
